-- Insert fake data generated by ChatGPT
USE littlelemondb;

INSERT INTO Customer (CustomerID, FirstName, LastName, Email, Phone)
VALUES 
(1, 'John', 'Doe', 'john.doe@example.com', '555-0101'),
(2, 'Jane', 'Smith', 'jane.smith@example.com', '555-0102'),
(3, 'Alice', 'Brown', 'alice.brown@example.com', '555-0103'),
(4, 'Bob', 'Johnson', 'bob.johnson@example.com', '555-0104'),
(5, 'Charlie', 'Davis', 'charlie.davis@example.com', '555-0105'),
(6, 'Emily', 'Clark', 'emily.clark@example.com', '555-0106'),
(7, 'Frank', 'Miller', 'frank.miller@example.com', '555-0107'),
(8, 'Grace', 'Lee', 'grace.lee@example.com', '555-0108'),
(9, 'Hank', 'Wilson', 'hank.wilson@example.com', '555-0109'),
(10, 'Ivy', 'Moore', 'ivy.moore@example.com', '555-0110');

INSERT INTO Staff (StaffID, FirstName, LastName, Role, Salary, CurrencySalary, ContactNumber, Email)
VALUES 
(1, 'Peter', 'Anderson', 'Manager', 55000, '$', '555-0201', 'peter.anderson@example.com'),
(2, 'Lucy', 'Taylor', 'Chef', 45000, '$', '555-0202', 'lucy.taylor@example.com'),
(3, 'Michael', 'Harris', 'Waiter', 30000, '$', '555-0203', 'michael.harris@example.com'),
(4, 'Linda', 'Martinez', 'Bartender', 32000, '$', '555-0204', 'linda.martinez@example.com'),
(5, 'Robert', 'Garcia', 'Host', 28000, '$', '555-0205', 'robert.garcia@example.com'),
(6, 'Sophia', 'Lopez', 'Waiter', 30000, '$', '555-0206', 'sophia.lopez@example.com'),
(7, 'Kevin', 'Martinez', 'Chef', 47000, '$', '555-0207', 'kevin.martinez@example.com'),
(8, 'Laura', 'White', 'Manager', 60000, '$', '555-0208', 'laura.white@example.com'),
(9, 'Jacob', 'Hall', 'Waiter', 31000, '$', '555-0209', 'jacob.hall@example.com'),
(10, 'Ella', 'Young', 'Host', 29000, '$', '555-0210', 'ella.young@example.com');

INSERT INTO MenuItems (ItemID, CourseName, Type, Price)
VALUES 
(1, 'Margherita Pizza', 'Vegetarian', 9.99),
(2, 'Tacos', 'Non-Vegetarian', 7.99),
(3, 'Dumplings', 'Non-Vegetarian', 8.99),
(4, 'Butter Chicken', 'Non-Vegetarian', 10.99),
(5, 'Sushi Roll', 'Non-Vegetarian', 12.99),
(6, 'Croissant', 'Vegetarian', 4.99),
(7, 'Greek Salad', 'Vegetarian', 6.99),
(8, 'Pad Thai', 'Vegetarian', 9.49),
(9, 'Paella', 'Non-Vegetarian', 13.99),
(10, 'Burger', 'Non-Vegetarian', 8.49);

INSERT INTO Menu (MenuID, ItemID, MenuName, Cuisine)
VALUES 
(1, 1, 'Italian Classics', 'Italian'),
(2, 2, 'Mexican Fiesta', 'Mexican'),
(3, 3, 'Chinese Delights', 'Chinese'),
(4, 4, 'Indian Spices', 'Indian'),
(5, 5, 'Sushi Specials', 'Japanese'),
(6, 6, 'French Pastries', 'French'),
(7, 7, 'Greek Traditions', 'Greek'),
(8, 8, 'Thai Cuisine', 'Thai'),
(9, 9, 'Spanish Tapas', 'Spanish'),
(10, 10, 'American Favorites', 'American');

INSERT INTO Bookings (BookingID, Date, TableNo, BookingSlot, StaffID, CustomerID)
VALUES 
(1, '2024-11-01', 101, '18:00:00', 1, 1),
(2, '2024-11-02', 102, '19:00:00', 2, 2),
(3, '2024-11-03', 103, '20:00:00', 3, 3),
(4, '2024-11-04', 104, '18:30:00', 4, 4),
(5, '2024-11-05', 105, '19:30:00', 5, 5),
(6, '2024-11-06', 106, '20:30:00', 6, 6),
(7, '2024-11-07', 107, '18:00:00', 7, 7),
(8, '2024-11-08', 108, '19:00:00', 8, 8),
(9, '2024-11-09', 109, '20:00:00', 9, 9),
(10, '2024-11-10', 110, '18:30:00', 10, 10);

INSERT INTO Orders (OrderID, TableNo, Date, Quantity, BillAmount, MenuID, CustomerID, BookingID)
VALUES 
(1, 5, '2024-11-01', 2, 15.99, 1, 1, 1),
(2, 2, '2024-11-02', 3, 9.99, 2, 2, 2),
(3, 3, '2024-11-03', 1, 8.49, 3, 3, 3),
(4, 4, '2024-11-04', 4, 45.00, 4, 4, 4),
(5, 1, '2024-11-05', 5, 12.50, 5, 5, 5),
(6, 6, '2024-11-06', 1, 150.99, 6, 6, 6),
(7, 7, '2024-11-07', 2, 29.99, 7, 7, 7),
(8, 8, '2024-11-08', 3, 18.99, 8, 8, 8),
(9, 9, '2024-11-09', 1, 55.75, 9, 9, 9),
(10, 10, '2024-11-10', 4, 89.99, 10, 10, 10),
(11, 11, '2024-11-11', 2, 19.99, 1, 1, 1),
(12, 12, '2024-11-12', 3, 75.49, 2, 2, 2),
(13, 13, '2024-11-13', 2, 23.99, 3, 3, 3),
(14, 14, '2024-11-14', 4, 199.99, 4, 4, 4),
(15, 15, '2024-11-15', 4, 47.25, 1, 5, 5),
(16, 16, '2024-11-16', 1, 35.75, 6, 6, 6),
(17, 17, '2024-11-17', 5, 28.50, 3, 7, 7),
(18, 18, '2024-11-18', 3, 60.00, 7, 8, 8),
(19, 19, '2024-11-19', 4, 120.00, 3, 9, 9),
(20, 20, '2024-11-20', 3, 92.99, 2, 10, 10);

INSERT INTO Delivery (OrderID, Date, Status)
VALUES 
(1, '2024-11-01', 'Delivered'),
(2, '2024-11-02', 'Pending'),
(3, '2024-11-03', 'In Transit'),
(4, '2024-11-04', 'Delivered'),
(5, '2024-11-05', 'Cancelled'),
(6, '2024-11-06', 'Pending'),
(7, '2024-11-07', 'In Transit'),
(8, '2024-11-08', 'Delivered'),
(9, '2024-11-09', 'Pending'),
(10, '2024-11-10', 'Delivered');
